Species;Presences;True.absences;Predictors;Model.methods;Model.runs.per.method;Ensemble.algorithm;Cutoff;Sensitivity;Specificity;Evaluation.metric;Calibration
Abra.alba;5115;22401;23;RF, XGBOOST, CTA, GAM, GLM;5;EMwmean;392;82,581;71,408;TSS;0,541
Abra.nitida;1844;25164;23;RF, XGBOOST, CTA, GAM, GLM;5;EMwmean;414;90,076;78,116;TSS;0,682
Abyssoninoe.hibernica;124;2541;23;RF, XGBOOST, CTA, GAM, GLM;5;EMwmean;513;98,387;95,317;TSS;0,937
Acanthocardia.echinata;153;22973;23;RF, XGBOOST, CTA, GAM, GLM;5;EMwmean;385;94,771;79,754;TSS;0,746
Acidostoma.obesum;32;10819;23;RF, XGBOOST, CTA, GAM, GLM;5;EMwmean;504;90,625;92,661;TSS;0,833
Acteon.tornatilis;33;15712;23;RF, XGBOOST, CTA, GAM, GLM;5;EMwmean;452;93,939;91,968;TSS;0,859
Akera.bullata;160;20194;23;RF, XGBOOST, CTA, GAM, GLM;5;EMwmean;422;87,5;89,125;TSS;0,767
Alcyonidium.diaphanum;39;2116;23;RF, XGBOOST, CTA, GAM, GLM;5;EMwmean;281;100;90,406;TSS;0,904
Alcyonidium.polyoum;128;859;23;RF, XGBOOST, CTA, GAM, GLM;5;EMwmean;433;89,844;83,469;TSS;0,728
Alitta.succinea;534;4327;23;RF, XGBOOST, CTA, GAM, GLM;5;EMwmean;334;91,948;84,839;TSS;0,768
Alitta.virens;184;5555;23;RF, XGBOOST, CTA, GAM, GLM;5;EMwmean;432;90,217;86,175;TSS;0,765
Alkmaria.romijni;32;18969;23;RF, XGBOOST, CTA, GAM, GLM;5;EMwmean;359;96,875;93,5;TSS;0,904
Ampelisca.brevicornis;1845;24224;23;RF, XGBOOST, CTA, GAM, GLM;5;EMwmean;437;84,336;87,5;TSS;0,72
Ampelisca.diadema;261;16314;23;RF, XGBOOST, CTA, GAM, GLM;5;EMwmean;434;97,701;90,867;TSS;0,886
Ampelisca.macrocephala;38;13964;23;RF, XGBOOST, CTA, GAM, GLM;5;EMwmean;426;97,368;96,033;TSS;0,935
Ampelisca.tenuicornis;478;22528;23;RF, XGBOOST, CTA, GAM, GLM;5;EMwmean;476;89,331;90,381;TSS;0,798
Ampelisca.typica;33;7100;23;RF, XGBOOST, CTA, GAM, GLM;5;EMwmean;390;100;94,07;TSS;0,941
Ampharete.acutifrons;107;16988;23;RF, XGBOOST, CTA, GAM, GLM;5;EMwmean;333;95,327;90,187;TSS;0,855
Ampharete.baltica;2020;25589;23;RF, XGBOOST, CTA, GAM, GLM;5;EMwmean;400;86,436;81,086;TSS;0,675
Ampharete.finmarchica;423;23894;23;RF, XGBOOST, CTA, GAM, GLM;5;EMwmean;394;87,234;84,339;TSS;0,717
Ampharete.lindstroemi;248;13940;23;RF, XGBOOST, CTA, GAM, GLM;5;EMwmean;426;91,532;85,079;TSS;0,766
Amphibalanus.improvisus;339;6354;23;RF, XGBOOST, CTA, GAM, GLM;5;EMwmean;395;87,611;79,682;TSS;0,67
Amphiura.chiajei;611;24292;23;RF, XGBOOST, CTA, GAM, GLM;5;EMwmean;448;94,599;91,396;TSS;0,861
Amphiura.filiformis;2909;23997;23;RF, XGBOOST, CTA, GAM, GLM;5;EMwmean;452;88,862;87,253;TSS;0,761
Ampithoe.rubricata;77;15555;23;RF, XGBOOST, CTA, GAM, GLM;5;EMwmean;405;94,805;87,599;TSS;0,825
Anobothrus.gracilis;502;25343;23;RF, XGBOOST, CTA, GAM, GLM;5;EMwmean;415;92,629;90,652;TSS;0,833
Anoplodactylus.petiolatus;54;15916;23;RF, XGBOOST, CTA, GAM, GLM;5;EMwmean;412;98,148;86,027;TSS;0,842
Aonides.paucibranchiata;33;10967;23;RF, XGBOOST, CTA, GAM, GLM;5;EMwmean;398;100;96,863;TSS;0,969
Aphelochaeta.marioni;80;20038;23;RF, XGBOOST, CTA, GAM, GLM;5;EMwmean;365;98,75;93,128;TSS;0,919
Apherusa.bispinosa;44;10587;23;RF, XGBOOST, CTA, GAM, GLM;5;EMwmean;400;97,727;96,694;TSS;0,945
Aphrodita.aculeata;88;19778;23;RF, XGBOOST, CTA, GAM, GLM;5;EMwmean;381;98,864;87,764;TSS;0,867
Apistobranchus.tullbergi;159;20368;23;RF, XGBOOST, CTA, GAM, GLM;5;EMwmean;377;95,597;84,029;TSS;0,797
Aporrhais.pespelecani;284;22644;23;RF, XGBOOST, CTA, GAM, GLM;5;EMwmean;377;94,014;79,884;TSS;0,739
Arctica.islandica;3462;24807;23;RF, XGBOOST, CTA, GAM, GLM;5;EMwmean;326;88,821;75,414;TSS;0,643
Arenicola.marina;1245;24441;23;RF, XGBOOST, CTA, GAM, GLM;5;EMwmean;425;86,024;82,902;TSS;0,69
Argissa.hamatipes;33;15374;23;RF, XGBOOST, CTA, GAM, GLM;5;EMwmean;345;96,97;80,721;TSS;0,777
Aricidea.cerrutii;83;10443;23;RF, XGBOOST, CTA, GAM, GLM;5;EMwmean;436;90,361;93,584;TSS;0,841
Aricidea.minuta;201;13123;23;RF, XGBOOST, CTA, GAM, GLM;5;EMwmean;397;91,542;88,059;TSS;0,796
Aricidea.suecica;1131;23885;23;RF, XGBOOST, CTA, GAM, GLM;5;EMwmean;415;88,152;83,538;TSS;0,716
Artacama.proboscidea;148;17268;23;RF, XGBOOST, CTA, GAM, GLM;5;EMwmean;425;95,27;88,806;TSS;0,841
Ascidiella.aspersa;29;16048;23;RF, XGBOOST, CTA, GAM, GLM;5;EMwmean;223;100;90,366;TSS;0,904
Astarte.borealis;355;10212;23;RF, XGBOOST, CTA, GAM, GLM;5;EMwmean;300;97,746;89,698;TSS;0,874
Astarte.elliptica;263;5937;23;RF, XGBOOST, CTA, GAM, GLM;5;EMwmean;461;96,958;88,883;TSS;0,859
Astarte.montagui;111;12203;23;RF, XGBOOST, CTA, GAM, GLM;5;EMwmean;370;96,396;91,846;TSS;0,883
Astarte.sulcata;90;17309;23;RF, XGBOOST, CTA, GAM, GLM;5;EMwmean;421;94,444;88,492;TSS;0,83
Asterias.rubens;653;23320;23;RF, XGBOOST, CTA, GAM, GLM;5;EMwmean;378;81,317;88,671;TSS;0,7
Astropecten.irregularis;30;15526;23;RF, XGBOOST, CTA, GAM, GLM;5;EMwmean;563;100;72,44;TSS;0,726
Balanus.crenatus;336;23272;23;RF, XGBOOST, CTA, GAM, GLM;5;EMwmean;405;88,393;84,69;TSS;0,732
Baltidrilus.costatus;226;3742;23;RF, XGBOOST, CTA, GAM, GLM;5;EMwmean;387;96,903;85,89;TSS;0,828
Bathyporeia.elegans;501;22012;23;RF, XGBOOST, CTA, GAM, GLM;5;EMwmean;386;96,008;86,312;TSS;0,824
Bathyporeia.guilliamsonia;306;22948;23;RF, XGBOOST, CTA, GAM, GLM;5;EMwmean;448;95,098;83,524;TSS;0,786
Bathyporeia.pelagica;26;13231;23;RF, XGBOOST, CTA, GAM, GLM;5;EMwmean;510;96,154;99,206;TSS;0,954
Bathyporeia.pilosa;514;25257;23;RF, XGBOOST, CTA, GAM, GLM;5;EMwmean;372;91,829;83,157;TSS;0,75
Bathyporeia.sarsi;98;16689;23;RF, XGBOOST, CTA, GAM, GLM;5;EMwmean;388;96,939;88,735;TSS;0,857
Bittium.reticulatum;735;23252;23;RF, XGBOOST, CTA, GAM, GLM;5;EMwmean;455;86,939;85,218;TSS;0,722
Boreotrophon.truncatus;27;8566;23;RF, XGBOOST, CTA, GAM, GLM;5;EMwmean;528;100;98,366;TSS;0,984
Brachystomia.scalaris;106;9854;23;RF, XGBOOST, CTA, GAM, GLM;5;EMwmean;517;91,509;93,749;TSS;0,853
Brada.villosa;235;24901;23;RF, XGBOOST, CTA, GAM, GLM;5;EMwmean;407;93,191;90,418;TSS;0,837
Branchiostoma.lanceolatum;216;18637;23;RF, XGBOOST, CTA, GAM, GLM;5;EMwmean;497;94,907;89,279;TSS;0,843
Brissopsis.lyrifera;182;16055;23;RF, XGBOOST, CTA, GAM, GLM;5;EMwmean;463;93,407;91,996;TSS;0,855
Buccinum.undatum;83;16489;23;RF, XGBOOST, CTA, GAM, GLM;5;EMwmean;396;93,976;94,202;TSS;0,883
Bylgides.sarsi;1744;13232;23;RF, XGBOOST, CTA, GAM, GLM;5;EMwmean;534;82,167;85,437;TSS;0,676
Callianassa.subterranea;56;8989;23;RF, XGBOOST, CTA, GAM, GLM;5;EMwmean;383;98,214;91,145;TSS;0,896
Callopora.lineata;193;987;23;RF, XGBOOST, CTA, GAM, GLM;5;EMwmean;420;88,601;81,358;TSS;0,701
Capitella.capitata;2322;26253;23;RF, XGBOOST, CTA, GAM, GLM;5;EMwmean;336;84,539;75,561;TSS;0,602
Caprella.linearis;76;9162;23;RF, XGBOOST, CTA, GAM, GLM;5;EMwmean;341;97,368;85,156;TSS;0,826
Carcinus.maenas;371;23911;23;RF, XGBOOST, CTA, GAM, GLM;5;EMwmean;375;92,453;84,513;TSS;0,77
Cerastoderma.edule;696;23053;23;RF, XGBOOST, CTA, GAM, GLM;5;EMwmean;344;81,322;85,859;TSS;0,673
Cerastoderma.glaucum;2116;26897;23;RF, XGBOOST, CTA, GAM, GLM;5;EMwmean;448;87,854;82,124;TSS;0,7
Cerianthus.lloydii;35;17852;23;RF, XGBOOST, CTA, GAM, GLM;5;EMwmean;410;100;90,012;TSS;0,901
Chaetozone.setosa;1479;25796;23;RF, XGBOOST, CTA, GAM, GLM;5;EMwmean;426;88,303;80,447;TSS;0,686
Chalinula.limbata;108;884;23;RF, XGBOOST, CTA, GAM, GLM;5;EMwmean;272;95,37;79,299;TSS;0,742
Chamelea.gallina;1027;21900;23;RF, XGBOOST, CTA, GAM, GLM;5;EMwmean;416;92,016;84,187;TSS;0,762
Chamelea.striatula;67;5207;23;RF, XGBOOST, CTA, GAM, GLM;5;EMwmean;399;92,537;92,03;TSS;0,846
Cheirocratus.sundevallii;39;7081;23;RF, XGBOOST, CTA, GAM, GLM;5;EMwmean;467;94,872;98,927;TSS;0,938
Chironomus.plumosus;89;1935;23;RF, XGBOOST, CTA, GAM, GLM;5;EMwmean;459;96,629;92,61;TSS;0,892
Chone.duneri;48;11914;23;RF, XGBOOST, CTA, GAM, GLM;5;EMwmean;428;95,833;87,469;TSS;0,833
Chone.fauveli;122;16145;23;RF, XGBOOST, CTA, GAM, GLM;5;EMwmean;503;86,885;93,527;TSS;0,805
Chone.filicaudata;41;3050;23;RF, XGBOOST, CTA, GAM, GLM;5;EMwmean;470;100;95,934;TSS;0,959
Ciona.intestinalis;119;18589;23;RF, XGBOOST, CTA, GAM, GLM;5;EMwmean;347;97,479;92,77;TSS;0,903
Clausinella.fasciata;50;16376;23;RF, XGBOOST, CTA, GAM, GLM;5;EMwmean;463;96;93,594;TSS;0,897
Clitellio.arenarius;16;452;23;RF, XGBOOST, CTA, GAM, GLM;5;EMwmean;352,5;100;95,575;TSS;0,956
Clytia.hemisphaerica;26;2091;23;RF, XGBOOST, CTA, GAM, GLM;5;EMwmean;401;100;96,509;TSS;0,965
Cochlodesma.praetenue;38;12065;23;RF, XGBOOST, CTA, GAM, GLM;5;EMwmean;249;100;91,024;TSS;0,91
Corbula.gibba;6629;19889;23;RF, XGBOOST, CTA, GAM, GLM;5;EMwmean;408;81,294;75,006;TSS;0,563
Corophium.multisetosum;57;9160;23;RF, XGBOOST, CTA, GAM, GLM;5;EMwmean;356;96,491;97,369;TSS;0,939
Corophium.volutator;1857;27888;23;RF, XGBOOST, CTA, GAM, GLM;5;EMwmean;393;89,284;79,138;TSS;0,685
Crangon.crangon;315;25128;23;RF, XGBOOST, CTA, GAM, GLM;5;EMwmean;277;91,429;83,035;TSS;0,746
Crassicorophium.crassicor;154;2152;23;RF, XGBOOST, CTA, GAM, GLM;5;EMwmean;446;94,156;80,994;TSS;0,752
Crenella.decussata;69;17621;23;RF, XGBOOST, CTA, GAM, GLM;5;EMwmean;540;92,754;97,537;TSS;0,903
Crepidula.fornicata;92;22362;23;RF, XGBOOST, CTA, GAM, GLM;5;EMwmean;565;89,13;90,417;TSS;0,796
Cribrilina.punctata;62;860;23;RF, XGBOOST, CTA, GAM, GLM;5;EMwmean;399;98,387;87,791;TSS;0,862
Crisia.eburnea;34;730;23;RF, XGBOOST, CTA, GAM, GLM;5;EMwmean;503,5;97,059;95,068;TSS;0,921
Cyathura.carinata;584;24132;23;RF, XGBOOST, CTA, GAM, GLM;5;EMwmean;414;93,322;87,767;TSS;0,81
Cylichna.cylindracea;585;22019;23;RF, XGBOOST, CTA, GAM, GLM;5;EMwmean;444;89,573;88,233;TSS;0,779
Dendrodoa.grossularia;257;7594;23;RF, XGBOOST, CTA, GAM, GLM;5;EMwmean;339;99,222;90,716;TSS;0,9
Dexamine.spinosa;50;16366;23;RF, XGBOOST, CTA, GAM, GLM;5;EMwmean;327;100;83,832;TSS;0,839
Diaphana.minuta;57;13727;23;RF, XGBOOST, CTA, GAM, GLM;5;EMwmean;306;100;88,898;TSS;0,89
Diastylis.bradyi;231;23530;23;RF, XGBOOST, CTA, GAM, GLM;5;EMwmean;426;93,074;77,14;TSS;0,703
Diastylis.laevis;66;12766;23;RF, XGBOOST, CTA, GAM, GLM;5;EMwmean;306;96,97;82,743;TSS;0,798
Diastylis.lucifera;567;24743;23;RF, XGBOOST, CTA, GAM, GLM;5;EMwmean;353;89,594;83,927;TSS;0,736
Diastylis.rathkei;3359;25336;23;RF, XGBOOST, CTA, GAM, GLM;5;EMwmean;432;84,192;80,072;TSS;0,641
Diastylis.rugosa;28;11974;23;RF, XGBOOST, CTA, GAM, GLM;5;EMwmean;502;96,429;97,503;TSS;0,94
Diastyloides.biplicatus;19;6244;23;RF, XGBOOST, CTA, GAM, GLM;5;EMwmean;495,5;100;99,231;TSS;0,992
Diplocirrus.glaucus;978;24123;23;RF, XGBOOST, CTA, GAM, GLM;5;EMwmean;424;92,843;84,766;TSS;0,776
Dipolydora.caulleryi;42;4492;23;RF, XGBOOST, CTA, GAM, GLM;5;EMwmean;519;95,238;96,26;TSS;0,915
Dipolydora.coeca;118;7544;23;RF, XGBOOST, CTA, GAM, GLM;5;EMwmean;409;89,831;82,927;TSS;0,729
Dipolydora.quadrilobata;428;4495;23;RF, XGBOOST, CTA, GAM, GLM;5;EMwmean;416;96,729;87,297;TSS;0,84
Dosinia.exoleta;47;10480;23;RF, XGBOOST, CTA, GAM, GLM;5;EMwmean;420;95,745;94,666;TSS;0,904
Dosinia.lupinus;128;20871;23;RF, XGBOOST, CTA, GAM, GLM;5;EMwmean;407;97,656;91,668;TSS;0,894
Dreissena.polymorpha;111;1377;23;RF, XGBOOST, CTA, GAM, GLM;5;EMwmean;312;90,09;85,403;TSS;0,755
Dynamena.pumila;40;4102;23;RF, XGBOOST, CTA, GAM, GLM;5;EMwmean;356;97,5;93,272;TSS;0,908
Dyopedos.monacanthus;53;6157;23;RF, XGBOOST, CTA, GAM, GLM;5;EMwmean;357;100;90,482;TSS;0,906
Echinocardium.cordatum;1774;24776;23;RF, XGBOOST, CTA, GAM, GLM;5;EMwmean;414;91,714;79,779;TSS;0,715
Echinocyamus.pusillus;866;24541;23;RF, XGBOOST, CTA, GAM, GLM;5;EMwmean;471;82,91;89,312;TSS;0,723
Echiurus.echiurus;82;21715;23;RF, XGBOOST, CTA, GAM, GLM;5;EMwmean;523;96,341;89,293;TSS;0,856
Ecrobia.ventrosa;229;4678;23;RF, XGBOOST, CTA, GAM, GLM;5;EMwmean;386;90,393;88,157;TSS;0,786
Edwardsia.danica;239;9452;23;RF, XGBOOST, CTA, GAM, GLM;5;EMwmean;402;96,653;89,187;TSS;0,858
Edwardsia.longicornis;41;6738;23;RF, XGBOOST, CTA, GAM, GLM;5;EMwmean;305;100;91,986;TSS;0,921
Einhornia.crustulenta;317;1131;23;RF, XGBOOST, CTA, GAM, GLM;5;EMwmean;429;88,328;82,67;TSS;0,71
Electra.pilosa;184;10106;23;RF, XGBOOST, CTA, GAM, GLM;5;EMwmean;296;95,652;87,186;TSS;0,829
Enipo.kinbergi;94;17834;23;RF, XGBOOST, CTA, GAM, GLM;5;EMwmean;398;97,872;90,714;TSS;0,887
Ennucula.tenuis;408;13327;23;RF, XGBOOST, CTA, GAM, GLM;5;EMwmean;376;94,608;90,268;TSS;0,846
Ericthonius.brasiliensis;71;14550;23;RF, XGBOOST, CTA, GAM, GLM;5;EMwmean;495;90,141;95,801;TSS;0,86
Erinaceusyllis.erinaceus;27;3600;23;RF, XGBOOST, CTA, GAM, GLM;5;EMwmean;430,5;100;97,556;TSS;0,976
Eriopisa.elongata;78;18101;23;RF, XGBOOST, CTA, GAM, GLM;5;EMwmean;474;96,154;91,42;TSS;0,876
Escharella.immersa;134;1191;23;RF, XGBOOST, CTA, GAM, GLM;5;EMwmean;319;98,507;82,704;TSS;0,812
Eteone.flava;76;21641;23;RF, XGBOOST, CTA, GAM, GLM;5;EMwmean;305;100;82,51;TSS;0,826
Eteone.longa;1622;23211;23;RF, XGBOOST, CTA, GAM, GLM;5;EMwmean;358;84,587;74,34;TSS;0,589
Euchone.papillosa;51;8081;23;RF, XGBOOST, CTA, GAM, GLM;5;EMwmean;339;98,039;91,548;TSS;0,897
Eucratea.loricata;256;778;23;RF, XGBOOST, CTA, GAM, GLM;5;EMwmean;476;83,594;84,447;TSS;0,683
Eudorella.emarginata;204;22126;23;RF, XGBOOST, CTA, GAM, GLM;5;EMwmean;294;95,098;83,689;TSS;0,789
Eudorella.truncatula;277;23711;23;RF, XGBOOST, CTA, GAM, GLM;5;EMwmean;446;88,448;85,416;TSS;0,74
Eudorellopsis.deformis;22;6867;23;RF, XGBOOST, CTA, GAM, GLM;5;EMwmean;190;100;94,073;TSS;0,942
Eulalia.bilineata;57;10284;23;RF, XGBOOST, CTA, GAM, GLM;5;EMwmean;412;94,737;92,445;TSS;0,872
Eulalia.viridis;19;13767;23;RF, XGBOOST, CTA, GAM, GLM;5;EMwmean;313;100;76,538;TSS;0,766
Eumida.bahusiensis;85;22317;23;RF, XGBOOST, CTA, GAM, GLM;5;EMwmean;264;94,118;78,062;TSS;0,723
Eumida.sanguinea;345;24292;23;RF, XGBOOST, CTA, GAM, GLM;5;EMwmean;392;89,565;76,103;TSS;0,658
Eunereis.longissima;33;15327;23;RF, XGBOOST, CTA, GAM, GLM;5;EMwmean;357;100;91,583;TSS;0,916
Euspira.nitida;67;10548;23;RF, XGBOOST, CTA, GAM, GLM;5;EMwmean;299;97,015;83,039;TSS;0,801
Exogone.naidina;110;9014;23;RF, XGBOOST, CTA, GAM, GLM;5;EMwmean;422;95,455;93,333;TSS;0,888
Fabricia.stellaris;316;23368;23;RF, XGBOOST, CTA, GAM, GLM;5;EMwmean;328;94,304;75,993;TSS;0,703
Fabriciola.baltica;209;6732;23;RF, XGBOOST, CTA, GAM, GLM;5;EMwmean;373;95,694;88,206;TSS;0,839
Fabulina.fabula;1695;18408;23;RF, XGBOOST, CTA, GAM, GLM;5;EMwmean;433;93,333;88,625;TSS;0,82
Farrella.repens;96;881;23;RF, XGBOOST, CTA, GAM, GLM;5;EMwmean;424;95,833;81,612;TSS;0,776
Gammarellus.homari;36;4819;23;RF, XGBOOST, CTA, GAM, GLM;5;EMwmean;421;100;96,41;TSS;0,965
Gammarus.inaequicauda;66;7539;23;RF, XGBOOST, CTA, GAM, GLM;5;EMwmean;328;98,485;90,118;TSS;0,886
Gammarus.locusta;236;22555;23;RF, XGBOOST, CTA, GAM, GLM;5;EMwmean;431;91,949;88,096;TSS;0,801
Gammarus.oceanicus;58;10869;23;RF, XGBOOST, CTA, GAM, GLM;5;EMwmean;330;96,552;73,07;TSS;0,696
Gammarus.salinus;432;23000;23;RF, XGBOOST, CTA, GAM, GLM;5;EMwmean;534;85,417;89,083;TSS;0,746
Gammarus.tigrinus;42;782;23;RF, XGBOOST, CTA, GAM, GLM;5;EMwmean;227,5;95,238;89,13;TSS;0,844
Gammarus.zaddachi;188;19947;23;RF, XGBOOST, CTA, GAM, GLM;5;EMwmean;387;89,362;81,777;TSS;0,713
Gari.fervensis;44;13042;23;RF, XGBOOST, CTA, GAM, GLM;5;EMwmean;492;97,727;93,897;TSS;0,917
Gastrosaccus.spinifer;523;22675;23;RF, XGBOOST, CTA, GAM, GLM;5;EMwmean;442;82,027;87,246;TSS;0,693
Gattyana.cirrhosa;75;1864;23;RF, XGBOOST, CTA, GAM, GLM;5;EMwmean;361;94,667;86,052;TSS;0,807
Glycera.alba;966;25219;23;RF, XGBOOST, CTA, GAM, GLM;5;EMwmean;413;87,474;78,913;TSS;0,665
Glycera.unicornis;98;2567;23;RF, XGBOOST, CTA, GAM, GLM;5;EMwmean;445;96,939;90,767;TSS;0,877
Glycinde.nordmanni;133;20570;23;RF, XGBOOST, CTA, GAM, GLM;5;EMwmean;255;98,496;82,946;TSS;0,815
Golfingia.vulgaris;61;7701;23;RF, XGBOOST, CTA, GAM, GLM;5;EMwmean;472;98,361;95,481;TSS;0,938
Goniada.maculata;890;25350;23;RF, XGBOOST, CTA, GAM, GLM;5;EMwmean;382;91,685;75,688;TSS;0,674
Halcampa.duodecimcirrata;108;917;23;RF, XGBOOST, CTA, GAM, GLM;5;EMwmean;359;93,519;87,35;TSS;0,81
Halichondria.panicea;111;7698;23;RF, XGBOOST, CTA, GAM, GLM;5;EMwmean;307;100;86,945;TSS;0,87
Haliclona.oculata;71;883;23;RF, XGBOOST, CTA, GAM, GLM;5;EMwmean;405;94,366;88,788;TSS;0,833
Halicryptus.spinulosus;2027;21150;23;RF, XGBOOST, CTA, GAM, GLM;5;EMwmean;424;93,587;78,326;TSS;0,718
Halisarca.dujardinii;57;1088;23;RF, XGBOOST, CTA, GAM, GLM;5;EMwmean;471;85,965;90,809;TSS;0,769
Haploops.tubicola;49;8722;23;RF, XGBOOST, CTA, GAM, GLM;5;EMwmean;411;97,959;96,744;TSS;0,947
Harmothoe.antilopes;26;5989;23;RF, XGBOOST, CTA, GAM, GLM;5;EMwmean;521;96,154;93,171;TSS;0,893
Harmothoe.imbricata;978;23510;23;RF, XGBOOST, CTA, GAM, GLM;5;EMwmean;364;85,89;77,41;TSS;0,632
Harmothoe.impar;569;24315;23;RF, XGBOOST, CTA, GAM, GLM;5;EMwmean;390;82,601;76,615;TSS;0,594
Harpinia.antennaria;228;22609;23;RF, XGBOOST, CTA, GAM, GLM;5;EMwmean;405;94,737;91,769;TSS;0,867
Harpinia.pectinata;94;9218;23;RF, XGBOOST, CTA, GAM, GLM;5;EMwmean;380;100;89,379;TSS;0,894
Hartlaubella.gelatinosa;214;810;23;RF, XGBOOST, CTA, GAM, GLM;5;EMwmean;292;92,056;84,074;TSS;0,763
Haustorius.arenarius;106;17206;23;RF, XGBOOST, CTA, GAM, GLM;5;EMwmean;349;100;90,224;TSS;0,902
Hediste.diversicolor;3916;18797;23;RF, XGBOOST, CTA, GAM, GLM;5;EMwmean;439;88,1;80,774;TSS;0,689
Hermania.scabra;35;5030;23;RF, XGBOOST, CTA, GAM, GLM;5;EMwmean;280;97,143;90,417;TSS;0,877
Heteromastus.filiformis;4533;24071;23;RF, XGBOOST, CTA, GAM, GLM;5;EMwmean;413;78,888;83,711;TSS;0,626
Heterotanais.oerstedii;206;17043;23;RF, XGBOOST, CTA, GAM, GLM;5;EMwmean;495;87,379;85,795;TSS;0,733
Hiatella.arctica;176;22284;23;RF, XGBOOST, CTA, GAM, GLM;5;EMwmean;365;90,341;87,255;TSS;0,777
Hyala.vitrea;853;24204;23;RF, XGBOOST, CTA, GAM, GLM;5;EMwmean;435;87,925;91,448;TSS;0,793
Hydractinia.echinata;39;6720;23;RF, XGBOOST, CTA, GAM, GLM;5;EMwmean;376;97,436;89,613;TSS;0,871
Idotea.balthica;445;25069;23;RF, XGBOOST, CTA, GAM, GLM;5;EMwmean;398;90,787;87,499;TSS;0,783
Idotea.chelipes;545;20445;23;RF, XGBOOST, CTA, GAM, GLM;5;EMwmean;450;92,11;91,7;TSS;0,838
Iphinoe.trispinosa;64;17322;23;RF, XGBOOST, CTA, GAM, GLM;5;EMwmean;355;98,438;87,825;TSS;0,863
Jaera.albifrons;683;27643;23;RF, XGBOOST, CTA, GAM, GLM;5;EMwmean;377;93,704;80,512;TSS;0,742
Kurtiella.bidentata;1686;5782;23;RF, XGBOOST, CTA, GAM, GLM;5;EMwmean;428;89,858;83,743;TSS;0,737
Labidoplax.buskii;84;2581;23;RF, XGBOOST, CTA, GAM, GLM;5;EMwmean;533;98,81;95,932;TSS;0,947
Lagis.koreni;591;4062;23;RF, XGBOOST, CTA, GAM, GLM;5;EMwmean;428;87,31;84,023;TSS;0,714
Lamprops.fasciatus;100;18149;23;RF, XGBOOST, CTA, GAM, GLM;5;EMwmean;380;95;86,192;TSS;0,812
Lanice.conchilega;1061;23165;23;RF, XGBOOST, CTA, GAM, GLM;5;EMwmean;400;85,485;86,67;TSS;0,722
Laonice.bahusiensis;84;8199;23;RF, XGBOOST, CTA, GAM, GLM;5;EMwmean;477;85,714;93,414;TSS;0,793
Laonome.kroyeri;95;6453;23;RF, XGBOOST, CTA, GAM, GLM;5;EMwmean;241;97,895;92,205;TSS;0,903
Lembos.websteri;35;5793;23;RF, XGBOOST, CTA, GAM, GLM;5;EMwmean;385;100;89,539;TSS;0,897
Lepidochitona.cinerea;51;3821;23;RF, XGBOOST, CTA, GAM, GLM;5;EMwmean;306;96,078;91,678;TSS;0,879
Lepidonotus.squamatus;97;20544;23;RF, XGBOOST, CTA, GAM, GLM;5;EMwmean;346;95,876;85,027;TSS;0,81
Leptocheirus.pilosus;27;754;23;RF, XGBOOST, CTA, GAM, GLM;5;EMwmean;298;96,296;92,971;TSS;0,894
Leptochiton.asellus;69;18206;23;RF, XGBOOST, CTA, GAM, GLM;5;EMwmean;390;92,754;93,48;TSS;0,863
Leucon.acutirostris;63;5306;23;RF, XGBOOST, CTA, GAM, GLM;5;EMwmean;432;96,825;87,806;TSS;0,848
Leucon.nasica;172;20522;23;RF, XGBOOST, CTA, GAM, GLM;5;EMwmean;468;90,116;90,893;TSS;0,811
Leucothoe.lilljeborgi;145;20377;23;RF, XGBOOST, CTA, GAM, GLM;5;EMwmean;419;93,103;88,737;TSS;0,819
Levinsenia.gracilis;689;25977;23;RF, XGBOOST, CTA, GAM, GLM;5;EMwmean;340;90,276;80,733;TSS;0,71
Limecola.balthica;1559;1447;23;RF, XGBOOST, CTA, GAM, GLM;5;EMwmean;493;91,661;88,528;TSS;0,802
Lineus.ruber;260;9641;23;RF, XGBOOST, CTA, GAM, GLM;5;EMwmean;411;96,154;86,734;TSS;0,829
Lipobranchius.jeffreysii;54;7784;23;RF, XGBOOST, CTA, GAM, GLM;5;EMwmean;489;100;95,105;TSS;0,952
Littorina.littorea;341;23195;23;RF, XGBOOST, CTA, GAM, GLM;5;EMwmean;398;92,375;82,203;TSS;0,746
Littorina.saxatilis;694;22623;23;RF, XGBOOST, CTA, GAM, GLM;5;EMwmean;342;95,965;87,619;TSS;0,836
Lucinoma.borealis;105;12317;23;RF, XGBOOST, CTA, GAM, GLM;5;EMwmean;397;96,19;92,604;TSS;0,888
Lysilla.loveni;127;18862;23;RF, XGBOOST, CTA, GAM, GLM;5;EMwmean;402;92,913;88,485;TSS;0,815
Macoma.calcarea;691;23498;23;RF, XGBOOST, CTA, GAM, GLM;5;EMwmean;407;87,699;71,334;TSS;0,591
Macroplea.mutica;187;13668;23;RF, XGBOOST, CTA, GAM, GLM;5;EMwmean;466;98,93;92,259;TSS;0,912
Magelona.alleni;538;24522;23;RF, XGBOOST, CTA, GAM, GLM;5;EMwmean;469;88,662;80,719;TSS;0,693
Magelona.minuta;365;12918;23;RF, XGBOOST, CTA, GAM, GLM;5;EMwmean;365;97,26;89,967;TSS;0,873
Magelona.mirabilis;937;22159;23;RF, XGBOOST, CTA, GAM, GLM;5;EMwmean;420;94,344;89,598;TSS;0,84
Malacobdella.grossa;152;14369;23;RF, XGBOOST, CTA, GAM, GLM;5;EMwmean;287;95,395;87,626;TSS;0,831
Malacoceros.fuliginosus;70;19874;23;RF, XGBOOST, CTA, GAM, GLM;5;EMwmean;472;97,143;87,672;TSS;0,849
Malacoceros.tetracerus;32;12296;23;RF, XGBOOST, CTA, GAM, GLM;5;EMwmean;434;100;99,406;TSS;0,994
Maldane.sarsi;417;25277;23;RF, XGBOOST, CTA, GAM, GLM;5;EMwmean;407;92,566;91,779;TSS;0,845
Manayunkia.aestuarina;220;21757;23;RF, XGBOOST, CTA, GAM, GLM;5;EMwmean;294;97,727;86,63;TSS;0,844
Marenzelleria.neglecta;868;12119;23;RF, XGBOOST, CTA, GAM, GLM;5;EMwmean;343;98,963;88,605;TSS;0,876
Marenzelleria.viridis;1655;23838;23;RF, XGBOOST, CTA, GAM, GLM;5;EMwmean;417;91,601;83,854;TSS;0,754
Medicorophium.affine;25;1961;23;RF, XGBOOST, CTA, GAM, GLM;5;EMwmean;338;100;90,311;TSS;0,903
Mediomastus.fragilis;604;19586;23;RF, XGBOOST, CTA, GAM, GLM;5;EMwmean;450;84,106;78,28;TSS;0,625
Megamphopus.cornutus;73;13795;23;RF, XGBOOST, CTA, GAM, GLM;5;EMwmean;392;95,89;92,773;TSS;0,887
Melita.palmata;261;23896;23;RF, XGBOOST, CTA, GAM, GLM;5;EMwmean;399;92,72;87,354;TSS;0,801
Metridium.senile;38;1925;23;RF, XGBOOST, CTA, GAM, GLM;5;EMwmean;281;100;93,299;TSS;0,933
Microdeutopus.anomalus;38;17396;23;RF, XGBOOST, CTA, GAM, GLM;5;EMwmean;465;94,737;96,608;TSS;0,913
Microdeutopus.damnoniensi;29;10166;23;RF, XGBOOST, CTA, GAM, GLM;5;EMwmean;382;93,103;97,078;TSS;0,902
Microdeutopus.gryllotalpa;2019;24143;23;RF, XGBOOST, CTA, GAM, GLM;5;EMwmean;436;81,129;81,055;TSS;0,622
Microphthalmus.sczelkowii;35;7884;23;RF, XGBOOST, CTA, GAM, GLM;5;EMwmean;454;94,286;96,88;TSS;0,912
Micrura.baltica;85;2743;23;RF, XGBOOST, CTA, GAM, GLM;5;EMwmean;373;95,294;84,47;TSS;0,8
Modiolus.modiolus;195;22808;23;RF, XGBOOST, CTA, GAM, GLM;5;EMwmean;520;87,179;84,953;TSS;0,724
Molgula.manhattensis;72;16036;23;RF, XGBOOST, CTA, GAM, GLM;5;EMwmean;406;98,611;95,329;TSS;0,94
Monocorophium.insidiosum;67;1672;23;RF, XGBOOST, CTA, GAM, GLM;5;EMwmean;423;94,03;87,679;TSS;0,818
Monoporeia.affinis;2932;4309;23;RF, XGBOOST, CTA, GAM, GLM;5;EMwmean;400;82,776;85,426;TSS;0,682
Musculus.discors;149;14505;23;RF, XGBOOST, CTA, GAM, GLM;5;EMwmean;361;89,933;84,323;TSS;0,743
Musculus.niger;207;21844;23;RF, XGBOOST, CTA, GAM, GLM;5;EMwmean;377;95,169;82,375;TSS;0,777
Musculus.subpictus;147;8715;23;RF, XGBOOST, CTA, GAM, GLM;5;EMwmean;352;96,599;91,715;TSS;0,883
Mya.arenaria;3830;18341;23;RF, XGBOOST, CTA, GAM, GLM;5;EMwmean;446;79,164;79,172;TSS;0,584
Mya.truncata;187;19706;23;RF, XGBOOST, CTA, GAM, GLM;5;EMwmean;424;88,77;84,076;TSS;0,729
Mysia.undata;95;18773;23;RF, XGBOOST, CTA, GAM, GLM;5;EMwmean;513;92,632;87,317;TSS;0,8
Mysis.mixta;160;5477;23;RF, XGBOOST, CTA, GAM, GLM;5;EMwmean;268;98,125;88,223;TSS;0,866
Mysis.relicta;467;5112;23;RF, XGBOOST, CTA, GAM, GLM;5;EMwmean;308;94,861;83,783;TSS;0,787
Mytilus;5446;16917;23;RF, XGBOOST, CTA, GAM, GLM;5;EMwmean;391;82,831;81,037;TSS;0,639
Neoamphitrite.figulus;243;22219;23;RF, XGBOOST, CTA, GAM, GLM;5;EMwmean;319;92,593;81,633;TSS;0,743
Neomysis.integer;91;15063;23;RF, XGBOOST, CTA, GAM, GLM;5;EMwmean;389;94,505;79,546;TSS;0,741
Nephtys.assimilis;272;20561;23;RF, XGBOOST, CTA, GAM, GLM;5;EMwmean;537;88,971;89,694;TSS;0,787
Nephtys.caeca;1616;24611;23;RF, XGBOOST, CTA, GAM, GLM;5;EMwmean;456;80,631;82,898;TSS;0,636
Nephtys.ciliata;2246;24251;23;RF, XGBOOST, CTA, GAM, GLM;5;EMwmean;330;91,63;70,117;TSS;0,618
Nephtys.cirrosa;148;20292;23;RF, XGBOOST, CTA, GAM, GLM;5;EMwmean;372;95,27;86,684;TSS;0,82
Nephtys.hombergii;5290;21893;23;RF, XGBOOST, CTA, GAM, GLM;5;EMwmean;405;82,533;74,316;TSS;0,569
Nephtys.incisa;459;24831;23;RF, XGBOOST, CTA, GAM, GLM;5;EMwmean;276;92,375;88,059;TSS;0,805
Nephtys.longosetosa;661;22507;23;RF, XGBOOST, CTA, GAM, GLM;5;EMwmean;423;86,233;85,849;TSS;0,719
Nephtys.pente;141;16267;23;RF, XGBOOST, CTA, GAM, GLM;5;EMwmean;310;95,745;82,197;TSS;0,781
Nereimyra.punctata;384;24036;23;RF, XGBOOST, CTA, GAM, GLM;5;EMwmean;334;91,146;86,042;TSS;0,773
Nicolea.zostericola;56;10470;23;RF, XGBOOST, CTA, GAM, GLM;5;EMwmean;357;96,429;91,07;TSS;0,875
Nicomache.minor;26;820;23;RF, XGBOOST, CTA, GAM, GLM;5;EMwmean;499,5;96,154;96,098;TSS;0,923
Notomastus.latericeus;819;23949;23;RF, XGBOOST, CTA, GAM, GLM;5;EMwmean;438;92,796;89,975;TSS;0,827
Nucula.nitidosa;2794;24699;23;RF, XGBOOST, CTA, GAM, GLM;5;EMwmean;496;86,22;82,473;TSS;0,687
Nucula.sulcata;48;6470;23;RF, XGBOOST, CTA, GAM, GLM;5;EMwmean;498;87,5;94,621;TSS;0,821
Nuculana.pernula;61;13710;23;RF, XGBOOST, CTA, GAM, GLM;5;EMwmean;342;98,361;90,336;TSS;0,887
Nymphon.brevirostre;78;7807;23;RF, XGBOOST, CTA, GAM, GLM;5;EMwmean;530;87,179;96,439;TSS;0,836
Onchidoris.muricata;63;5143;23;RF, XGBOOST, CTA, GAM, GLM;5;EMwmean;412;93,651;95,45;TSS;0,892
Onoba.aculeus;74;15589;23;RF, XGBOOST, CTA, GAM, GLM;5;EMwmean;515;91,892;93,938;TSS;0,858
Onoba.semicostata;183;14432;23;RF, XGBOOST, CTA, GAM, GLM;5;EMwmean;320;93,989;89,821;TSS;0,839
Opercularella.lacerata;39;989;23;RF, XGBOOST, CTA, GAM, GLM;5;EMwmean;247;100;80,586;TSS;0,807
Ophelia.borealis;729;22796;23;RF, XGBOOST, CTA, GAM, GLM;5;EMwmean;449;91,632;87,972;TSS;0,796
Ophelia.rathkei;206;14276;23;RF, XGBOOST, CTA, GAM, GLM;5;EMwmean;338;96,117;89,507;TSS;0,857
Ophelina.acuminata;239;23990;23;RF, XGBOOST, CTA, GAM, GLM;5;EMwmean;395;91,632;81,534;TSS;0,732
Ophiura.albida;2174;25341;23;RF, XGBOOST, CTA, GAM, GLM;5;EMwmean;409;85,741;81,836;TSS;0,676
Ophiura.ophiura;121;17611;23;RF, XGBOOST, CTA, GAM, GLM;5;EMwmean;407;92,562;86,264;TSS;0,789
Owenia.fusiformis;266;22556;23;RF, XGBOOST, CTA, GAM, GLM;5;EMwmean;405;92,481;83,636;TSS;0,762
Oxydromus.flexuosus;76;2589;23;RF, XGBOOST, CTA, GAM, GLM;5;EMwmean;490;97,368;90,305;TSS;0,877
Pagurus.bernhardus;82;23891;23;RF, XGBOOST, CTA, GAM, GLM;5;EMwmean;565;84,146;89,812;TSS;0,74
Palaemon.adspersus;50;14625;23;RF, XGBOOST, CTA, GAM, GLM;5;EMwmean;534;88;92,26;TSS;0,803
Paradoneis.eliasoni;116;909;23;RF, XGBOOST, CTA, GAM, GLM;5;EMwmean;352;91,379;85,259;TSS;0,766
Paramphinome.jeffreysii;54;10270;23;RF, XGBOOST, CTA, GAM, GLM;5;EMwmean;441;96,296;91,918;TSS;0,882
Paraonis.fulgens;342;21611;23;RF, XGBOOST, CTA, GAM, GLM;5;EMwmean;389;93,275;85,572;TSS;0,787
Parathyasira.equalis;49;2409;23;RF, XGBOOST, CTA, GAM, GLM;5;EMwmean;380;97,959;92,32;TSS;0,904
Parexogone.hebes;34;974;23;RF, XGBOOST, CTA, GAM, GLM;5;EMwmean;535;97,059;94,661;TSS;0,917
Pariambus.typicus;141;22699;23;RF, XGBOOST, CTA, GAM, GLM;5;EMwmean;360;97,872;85,814;TSS;0,831
Parvicardium.exiguum;190;8995;23;RF, XGBOOST, CTA, GAM, GLM;5;EMwmean;521;95,789;92,262;TSS;0,881
Parvicardium.hauniense;174;12589;23;RF, XGBOOST, CTA, GAM, GLM;5;EMwmean;443;99,425;94,408;TSS;0,939
Parvicardium.minimum;53;13335;23;RF, XGBOOST, CTA, GAM, GLM;5;EMwmean;341;98,113;92,201;TSS;0,903
Parvicardium.pinnulatum;1131;23335;23;RF, XGBOOST, CTA, GAM, GLM;5;EMwmean;294;91,335;74,519;TSS;0,659
Parvicardium.scabrum;42;11173;23;RF, XGBOOST, CTA, GAM, GLM;5;EMwmean;382;97,619;93,413;TSS;0,911
Pectinaria.belgica;165;18422;23;RF, XGBOOST, CTA, GAM, GLM;5;EMwmean;320;96,364;84,524;TSS;0,803
Pennatula.phosphorea;54;9115;23;RF, XGBOOST, CTA, GAM, GLM;5;EMwmean;509;98,148;96,029;TSS;0,943
Peringia.ulvae;1705;4024;23;RF, XGBOOST, CTA, GAM, GLM;5;EMwmean;472;80,235;87,127;TSS;0,674
Perioculodes.longimanus;239;22895;23;RF, XGBOOST, CTA, GAM, GLM;5;EMwmean;378;95,816;79,428;TSS;0,753
Phaxas.pellucidus;1703;26114;23;RF, XGBOOST, CTA, GAM, GLM;5;EMwmean;322;83,617;80,597;TSS;0,642
Pherusa.plumosa;225;21343;23;RF, XGBOOST, CTA, GAM, GLM;5;EMwmean;344;94,222;90,39;TSS;0,847
Philine.aperta;979;23913;23;RF, XGBOOST, CTA, GAM, GLM;5;EMwmean;365;85,291;76,67;TSS;0,62
Philine.quadripartita;158;5938;23;RF, XGBOOST, CTA, GAM, GLM;5;EMwmean;329,5;96,835;90,333;TSS;0,872
Pholoe.assimilis;179;6436;23;RF, XGBOOST, CTA, GAM, GLM;5;EMwmean;295;98,883;84,058;TSS;0,829
Pholoe.baltica;2221;25577;23;RF, XGBOOST, CTA, GAM, GLM;5;EMwmean;452;84,647;84,854;TSS;0,696
Pholoe.inornata;1515;21854;23;RF, XGBOOST, CTA, GAM, GLM;5;EMwmean;433;80,33;84,273;TSS;0,646
Pholoe.pallida;211;15613;23;RF, XGBOOST, CTA, GAM, GLM;5;EMwmean;349;98,578;88,772;TSS;0,874
Phoronis.muelleri;2470;23907;23;RF, XGBOOST, CTA, GAM, GLM;5;EMwmean;475;87,368;81,788;TSS;0,691
Photis.longicaudata;48;12894;23;RF, XGBOOST, CTA, GAM, GLM;5;EMwmean;384;100;94,106;TSS;0,941
Phoxocephalus.holbolli;127;1309;23;RF, XGBOOST, CTA, GAM, GLM;5;EMwmean;420;96,85;93,583;TSS;0,904
Phtisica.marina;135;23636;23;RF, XGBOOST, CTA, GAM, GLM;5;EMwmean;414;91,111;88,75;TSS;0,799
Phyllodoce.groenlandica;776;24858;23;RF, XGBOOST, CTA, GAM, GLM;5;EMwmean;429;88,144;71,647;TSS;0,598
Phyllodoce.maculata;100;20733;23;RF, XGBOOST, CTA, GAM, GLM;5;EMwmean;NA;NA;NA;TSS;#NAMN?
Phyllodoce.mucosa;540;22569;23;RF, XGBOOST, CTA, GAM, GLM;5;EMwmean;359;87,222;80,624;TSS;0,678
Phyllodoce.rosea;90;21026;23;RF, XGBOOST, CTA, GAM, GLM;5;EMwmean;406;91,111;87,477;TSS;0,787
Pisione.remota;38;16396;23;RF, XGBOOST, CTA, GAM, GLM;5;EMwmean;313;100;94,273;TSS;0,943
Platynereis.dumerilii;423;21352;23;RF, XGBOOST, CTA, GAM, GLM;5;EMwmean;371;91,017;90,675;TSS;0,817
Podarkeopsis.helgolandicu;14;6664;23;RF, XGBOOST, CTA, GAM, GLM;5;EMwmean;405;92,857;87,14;TSS;0,8
Podocoryna.carnea;179;15580;23;RF, XGBOOST, CTA, GAM, GLM;5;EMwmean;365;94,413;79,268;TSS;0,737
Poecilochaetus.serpens;536;23532;23;RF, XGBOOST, CTA, GAM, GLM;5;EMwmean;556;92,724;87,166;TSS;0,8
Polycirrus.medusa;266;20160;23;RF, XGBOOST, CTA, GAM, GLM;5;EMwmean;447;92,105;89,851;TSS;0,82
Polycirrus.norvegicus;74;11027;23;RF, XGBOOST, CTA, GAM, GLM;5;EMwmean;419;97,297;89,489;TSS;0,868
Polycirrus.plumosus;71;7863;23;RF, XGBOOST, CTA, GAM, GLM;5;EMwmean;346;100;92,675;TSS;0,927
Polydora.ciliata;727;25464;23;RF, XGBOOST, CTA, GAM, GLM;5;EMwmean;489;84,182;76,166;TSS;0,604
Polydora.cornuta;2124;23234;23;RF, XGBOOST, CTA, GAM, GLM;5;EMwmean;420;81,733;79,96;TSS;0,617
Polyphysia.crassa;120;16903;23;RF, XGBOOST, CTA, GAM, GLM;5;EMwmean;345;95,833;90,611;TSS;0,865
Pontocrates.arenarius;8;9154;23;RF, XGBOOST, CTA, GAM, GLM;5;EMwmean;556;100;99,869;TSS;0,999
Pontoporeia.femorata;1186;18960;23;RF, XGBOOST, CTA, GAM, GLM;5;EMwmean;528;83,98;85,496;TSS;0,693
Potamopyrgus.antipodarum;910;25023;23;RF, XGBOOST, CTA, GAM, GLM;5;EMwmean;490;92,418;90,089;TSS;0,825
Praxillella.affinis;271;14868;23;RF, XGBOOST, CTA, GAM, GLM;5;EMwmean;381;95,203;89,555;TSS;0,848
Praxillella.praetermissa;423;23306;23;RF, XGBOOST, CTA, GAM, GLM;5;EMwmean;404;90,071;85,163;TSS;0,754
Praxillura.longissima;38;10507;23;RF, XGBOOST, CTA, GAM, GLM;5;EMwmean;491;94,737;95,622;TSS;0,904
Priapulus.caudatus;345;25580;23;RF, XGBOOST, CTA, GAM, GLM;5;EMwmean;343;92,174;80,876;TSS;0,728
Prionospio.fallax;2123;25076;23;RF, XGBOOST, CTA, GAM, GLM;5;EMwmean;485;85,021;80,599;TSS;0,654
Prionospio.multibranchiat;211;9165;23;RF, XGBOOST, CTA, GAM, GLM;5;EMwmean;431;91,943;91,642;TSS;0,837
Prionospio.steenstrupi;46;10743;23;RF, XGBOOST, CTA, GAM, GLM;5;EMwmean;418;97,826;94,378;TSS;0,923
Protomedeia.fasciata;213;17665;23;RF, XGBOOST, CTA, GAM, GLM;5;EMwmean;409;95,775;89,624;TSS;0,854
Psammechinus.miliaris;128;16955;23;RF, XGBOOST, CTA, GAM, GLM;5;EMwmean;330;92,188;86,411;TSS;0,787
Pseudopolydora.antennata;41;8878;23;RF, XGBOOST, CTA, GAM, GLM;5;EMwmean;486;87,805;97,984;TSS;0,858
Pseudopolydora.pulchra;244;21431;23;RF, XGBOOST, CTA, GAM, GLM;5;EMwmean;494;84,836;86,184;TSS;0,712
Pusillina.inconspicua;31;3552;23;RF, XGBOOST, CTA, GAM, GLM;5;EMwmean;347;100;97,607;TSS;0,976
Pusillina.sarsii;593;22438;23;RF, XGBOOST, CTA, GAM, GLM;5;EMwmean;371;92,917;86,082;TSS;0,79
Pygospio.elegans;5821;23278;23;RF, XGBOOST, CTA, GAM, GLM;5;EMwmean;436;83,061;81,068;TSS;0,641
Rangia.cuneata;35;643;23;RF, XGBOOST, CTA, GAM, GLM;5;EMwmean;454;94,286;94,712;TSS;0,896
Retusa.obtusa;571;23367;23;RF, XGBOOST, CTA, GAM, GLM;5;EMwmean;395;88,266;81,166;TSS;0,695
Retusa.truncatula;1161;23801;23;RF, XGBOOST, CTA, GAM, GLM;5;EMwmean;380;89,406;70,665;TSS;0,6
Rhithropanopeus.harrisii;46;3795;23;RF, XGBOOST, CTA, GAM, GLM;5;EMwmean;437;95,652;95,204;TSS;0,909
Rhodine.gracilior;1052;25693;23;RF, XGBOOST, CTA, GAM, GLM;5;EMwmean;413;93,726;88,382;TSS;0,822
Rhodine.loveni;165;11858;23;RF, XGBOOST, CTA, GAM, GLM;5;EMwmean;380;92,121;83,758;TSS;0,76
Rissoa.membranacea;223;11554;23;RF, XGBOOST, CTA, GAM, GLM;5;EMwmean;392;96,413;93,578;TSS;0,9
Saduria.entomon;2413;5126;23;RF, XGBOOST, CTA, GAM, GLM;5;EMwmean;397;83,879;79,789;TSS;0,638
Scalibregma.inflatum;1771;25644;23;RF, XGBOOST, CTA, GAM, GLM;5;EMwmean;341;87,804;78,1;TSS;0,659
Scolelepis.bonnieri;20;16452;23;RF, XGBOOST, CTA, GAM, GLM;5;EMwmean;347;100;97,198;TSS;0,972
Scolelepis.foliosa;113;15179;23;RF, XGBOOST, CTA, GAM, GLM;5;EMwmean;247;99,115;82,061;TSS;0,815
Scolelepis.squamata;79;15805;23;RF, XGBOOST, CTA, GAM, GLM;5;EMwmean;352;96,203;88,909;TSS;0,851
Scolelepis.tridentata;54;13582;23;RF, XGBOOST, CTA, GAM, GLM;5;EMwmean;437;96,296;95,98;TSS;0,923
Scoloplos.armiger;7889;21327;23;RF, XGBOOST, CTA, GAM, GLM;5;EMwmean;401;83,103;81,432;TSS;0,645
Scrobicularia.plana;287;23030;23;RF, XGBOOST, CTA, GAM, GLM;5;EMwmean;453;87,108;85,193;TSS;0,724
Sertularia.cupressina;133;844;23;RF, XGBOOST, CTA, GAM, GLM;5;EMwmean;465;90,226;87,559;TSS;0,778
Sigalion.mathildae;354;21474;23;RF, XGBOOST, CTA, GAM, GLM;5;EMwmean;490;97,74;97,825;TSS;0,956
Sphaerodorum.gracilis;48;1935;23;RF, XGBOOST, CTA, GAM, GLM;5;EMwmean;313;95,833;89,612;TSS;0,854
Sphaerosyllis.hystrix;39;4763;23;RF, XGBOOST, CTA, GAM, GLM;5;EMwmean;323;97,436;94,52;TSS;0,921
Spio.armata;67;13403;23;RF, XGBOOST, CTA, GAM, GLM;5;EMwmean;371;97,015;93,755;TSS;0,908
Spio.arndti;71;866;23;RF, XGBOOST, CTA, GAM, GLM;5;EMwmean;294;100;72,748;TSS;0,729
Spio.filicornis;1446;23117;23;RF, XGBOOST, CTA, GAM, GLM;5;EMwmean;424;85,892;79,656;TSS;0,655
Spio.goniocephala;341;12349;23;RF, XGBOOST, CTA, GAM, GLM;5;EMwmean;444;97,361;90,04;TSS;0,874
Spio.martinensis;85;14684;23;RF, XGBOOST, CTA, GAM, GLM;5;EMwmean;487;92,941;94,341;TSS;0,873
Spiophanes.bombyx;1761;22970;23;RF, XGBOOST, CTA, GAM, GLM;5;EMwmean;468;91,823;88,106;TSS;0,8
Spiophanes.kroyeri;565;20142;23;RF, XGBOOST, CTA, GAM, GLM;5;EMwmean;414;94,69;92,027;TSS;0,868
Spirorbis.corallinae;23;879;23;RF, XGBOOST, CTA, GAM, GLM;5;EMwmean;488;95,652;95,108;TSS;0,908
Spisula.subtruncata;776;24196;23;RF, XGBOOST, CTA, GAM, GLM;5;EMwmean;377;88,273;79,046;TSS;0,674
Sthenelais.limicola;40;15757;23;RF, XGBOOST, CTA, GAM, GLM;5;EMwmean;419;100;87,396;TSS;0,875
Streblospio.shrubsolii;785;24122;23;RF, XGBOOST, CTA, GAM, GLM;5;EMwmean;411;89,554;79,765;TSS;0,694
Streptosyllis.websteri;108;10773;23;RF, XGBOOST, CTA, GAM, GLM;5;EMwmean;316;93,519;85,881;TSS;0,794
Syllidia.armata;38;21986;23;RF, XGBOOST, CTA, GAM, GLM;5;EMwmean;339;100;86,141;TSS;0,862
Synchelidium.haplocheles;92;15200;23;RF, XGBOOST, CTA, GAM, GLM;5;EMwmean;262;97,826;86,276;TSS;0,842
Tanaissus.lilljeborgi;154;16860;23;RF, XGBOOST, CTA, GAM, GLM;5;EMwmean;430;98,052;89,591;TSS;0,877
Tellimya.ferruginosa;738;24599;23;RF, XGBOOST, CTA, GAM, GLM;5;EMwmean;385;89,566;83,247;TSS;0,729
Tellimya.tenella;91;4796;23;RF, XGBOOST, CTA, GAM, GLM;5;EMwmean;596;90,11;97,269;TSS;0,874
Terebellides.stroemii;683;4054;23;RF, XGBOOST, CTA, GAM, GLM;5;EMwmean;429;92,972;81,919;TSS;0,747
Tharyx.killariensis;89;6551;23;RF, XGBOOST, CTA, GAM, GLM;5;EMwmean;388;95,506;88,994;TSS;0,845
Theodoxus.fluviatilis;671;21647;23;RF, XGBOOST, CTA, GAM, GLM;5;EMwmean;426;94,188;89,74;TSS;0,839
Thracia.phaseolina;1026;23245;23;RF, XGBOOST, CTA, GAM, GLM;5;EMwmean;422;93,567;80,585;TSS;0,742
Thyasira.flexuosa;2202;24389;23;RF, XGBOOST, CTA, GAM, GLM;5;EMwmean;453;86,739;85,457;TSS;0,722
Thysanocardia.procera;52;4242;23;RF, XGBOOST, CTA, GAM, GLM;5;EMwmean;479;96,154;92,315;TSS;0,885
Travisia.forbesii;311;20741;23;RF, XGBOOST, CTA, GAM, GLM;5;EMwmean;428;97,749;87,021;TSS;0,849
Trichobranchus.roseus;345;21856;23;RF, XGBOOST, CTA, GAM, GLM;5;EMwmean;448;94,783;91,183;TSS;0,86
Tritia.reticulata;252;4256;23;RF, XGBOOST, CTA, GAM, GLM;5;EMwmean;311;95,238;78,759;TSS;0,743
Trochochaeta.multisetosa;991;25013;23;RF, XGBOOST, CTA, GAM, GLM;5;EMwmean;409;86,478;81,37;TSS;0,676
Tubificoides.benedii;4277;20668;23;RF, XGBOOST, CTA, GAM, GLM;5;EMwmean;411;83,049;75,702;TSS;0,589
Tubificoides.pseudogaster;16;452;23;RF, XGBOOST, CTA, GAM, GLM;5;EMwmean;367;100;97,124;TSS;0,971
Tubulanus.polymorphus;191;1581;23;RF, XGBOOST, CTA, GAM, GLM;5;EMwmean;376;95,812;77,483;TSS;0,735
Turritella.communis;645;24000;23;RF, XGBOOST, CTA, GAM, GLM;5;EMwmean;540;90,698;93,638;TSS;0,844
Upogebia.deltaura;34;11463;23;RF, XGBOOST, CTA, GAM, GLM;5;EMwmean;397;100;96,397;TSS;0,964
Upogebia.stellata;52;14848;23;RF, XGBOOST, CTA, GAM, GLM;5;EMwmean;375;100;95,387;TSS;0,954
Urothoe.elegans;45;13797;23;RF, XGBOOST, CTA, GAM, GLM;5;EMwmean;439;100;96,354;TSS;0,964
Urothoe.grimaldii;207;20492;23;RF, XGBOOST, CTA, GAM, GLM;5;EMwmean;609;96,135;96,525;TSS;0,927
Urothoe.poseidonis;26;10794;23;RF, XGBOOST, CTA, GAM, GLM;5;EMwmean;522;100;99,064;TSS;0,991
Virgularia.mirabilis;155;21459;23;RF, XGBOOST, CTA, GAM, GLM;5;EMwmean;373;96,774;82,874;TSS;0,797
Vitreolina.philippi;47;12294;23;RF, XGBOOST, CTA, GAM, GLM;5;EMwmean;546;89,362;95,599;TSS;0,85
Walkeria.uva;50;829;23;RF, XGBOOST, CTA, GAM, GLM;5;EMwmean;367;96;86,007;TSS;0,82
Westwoodilla.caecula;195;20737;23;RF, XGBOOST, CTA, GAM, GLM;5;EMwmean;427;94,872;88,552;TSS;0,835
